name,coordinates
落叶特写点,-0.247778:0.015091:0.001174
菜地,0.077444:0.254545:0.0
